id,label,user,block
train_000,0,user01,block01
train_001,1,user01,block01
train_002,0,user01,block01
train_003,1,user01,block01
train_004,0,user01,block01
train_005,1,user01,block01
train_006,0,user01,block01
train_007,1,user01,block01
train_008,0,user01,block01
train_009,1,user01,block01
train_010,0,user01,block01
train_011,1,user01,block01
train_012,0,user01,block01
train_013,0,user01,block01
train_014,1,user01,block01
train_015,1,user01,block01
train_016,0,user01,block01
train_017,1,user01,block01
train_018,0,user01,block01
train_019,1,user01,block01
train_020,0,user01,block01
train_021,1,user01,block01
train_022,0,user01,block01
train_023,1,user01,block01
train_024,0,user01,block01
train_025,1,user01,block01
train_026,0,user01,block01
train_027,1,user01,block01
train_028,0,user01,block01
train_029,0,user01,block01
train_030,1,user01,block01
train_031,0,user01,block01
train_032,1,user01,block01
train_033,0,user01,block01
train_034,1,user01,block01
train_035,0,user01,block01
train_036,0,user01,block02
train_037,1,user01,block02
train_038,0,user01,block02
train_039,1,user01,block02
train_040,0,user01,block02
train_041,1,user01,block02
train_042,0,user01,block02
train_043,1,user01,block02
train_044,0,user01,block02
train_045,1,user01,block02
train_046,0,user01,block02
train_047,1,user01,block02
train_048,0,user01,block02
train_049,1,user01,block02
train_050,0,user01,block02
train_051,0,user01,block02
train_052,1,user01,block02
train_053,0,user01,block02
train_054,1,user01,block02
train_055,0,user01,block02
train_056,1,user01,block02
train_057,0,user01,block02
train_058,1,user01,block02
train_059,0,user01,block02
train_060,1,user01,block02
train_061,0,user01,block02
train_062,1,user01,block02
train_063,0,user01,block02
train_064,1,user01,block02
train_065,0,user01,block02
train_066,1,user01,block02
train_067,0,user01,block02
train_068,1,user01,block02
train_069,0,user01,block02
train_070,1,user01,block02
train_071,0,user01,block02
train_072,1,user01,block02
train_073,0,user01,block02
train_074,1,user01,block02
train_075,0,user01,block03
train_076,1,user01,block03
train_077,0,user01,block03
train_078,1,user01,block03
train_079,0,user01,block03
train_080,1,user01,block03
train_081,0,user01,block03
train_082,1,user01,block03
train_083,0,user01,block03
train_084,1,user01,block03
train_085,0,user01,block03
train_086,1,user01,block03
train_087,0,user01,block03
train_088,1,user01,block03
train_089,0,user01,block03
train_090,1,user01,block03
train_091,0,user01,block03
train_092,1,user01,block03
train_093,0,user01,block03
train_094,1,user01,block03
train_095,0,user01,block03
train_096,1,user01,block03
train_097,0,user01,block03
train_098,1,user01,block03
train_099,0,user01,block03
train_100,1,user01,block03
train_101,0,user01,block03
train_102,1,user01,block03
train_103,0,user01,block03
train_104,1,user01,block03
train_105,0,user01,block03
train_106,1,user01,block03
train_107,0,user01,block03
train_108,1,user01,block03
train_109,0,user01,block03
train_110,1,user01,block03
train_111,0,user01,block03
train_112,1,user01,block03
train_113,0,user01,block03
train_114,1,user01,block03
train_115,0,user01,block04
train_116,1,user01,block04
train_117,0,user01,block04
train_118,1,user01,block04
train_119,0,user01,block04
train_120,0,user01,block04
train_121,1,user01,block04
train_122,0,user01,block04
train_123,1,user01,block04
train_124,0,user01,block04
train_125,1,user01,block04
train_126,0,user01,block04
train_127,1,user01,block04
train_128,0,user01,block04
train_129,1,user01,block04
train_130,0,user01,block04
train_131,1,user01,block04
train_132,0,user01,block04
train_133,1,user01,block04
train_134,0,user01,block04
train_135,1,user01,block04
train_136,0,user01,block04
train_137,1,user01,block04
train_138,0,user01,block04
train_139,1,user01,block04
train_140,0,user01,block04
train_141,1,user01,block04
train_142,0,user01,block04
train_143,1,user01,block04
train_144,0,user01,block04
train_145,1,user01,block04
train_146,0,user01,block04
train_147,1,user01,block04
train_148,0,user01,block04
train_149,1,user01,block04
train_150,0,user01,block04
train_151,1,user01,block04
train_152,0,user01,block04
train_153,1,user01,block04
train_154,0,user01,block05
train_155,1,user01,block05
train_156,0,user01,block05
train_157,1,user01,block05
train_158,0,user01,block05
train_159,1,user01,block05
train_160,0,user01,block05
train_161,1,user01,block05
train_162,0,user01,block05
train_163,1,user01,block05
train_164,0,user01,block05
train_165,1,user01,block05
train_166,0,user01,block05
train_167,1,user01,block05
train_168,0,user01,block05
train_169,1,user01,block05
train_170,0,user01,block05
train_171,1,user01,block05
train_172,0,user01,block05
train_173,1,user01,block05
train_174,0,user01,block05
train_175,1,user01,block05
train_176,0,user01,block05
train_177,1,user01,block05
train_178,0,user01,block05
train_179,1,user01,block05
train_180,0,user01,block05
train_181,1,user01,block05
train_182,0,user01,block05
train_183,1,user01,block05
train_184,0,user01,block05
train_185,1,user01,block05
train_186,0,user01,block05
train_187,1,user01,block05
train_188,0,user01,block05
train_189,1,user01,block05
train_190,0,user01,block05
train_191,1,user01,block05
train_192,0,user01,block06
train_193,1,user01,block06
train_194,0,user01,block06
train_195,1,user01,block06
train_196,0,user01,block06
train_197,1,user01,block06
train_198,0,user01,block06
train_199,1,user01,block06
train_200,0,user01,block06
train_201,1,user01,block06
train_202,0,user01,block06
train_203,1,user01,block06
train_204,0,user01,block06
train_205,1,user01,block06
train_206,0,user01,block06
train_207,1,user01,block06
train_208,0,user01,block06
train_209,1,user01,block06
train_210,0,user01,block06
train_211,1,user01,block06
train_212,0,user01,block06
train_213,1,user01,block06
train_214,0,user01,block06
train_215,1,user01,block06
train_216,0,user01,block06
train_217,1,user01,block06
train_218,0,user01,block06
train_219,1,user01,block06
train_220,0,user01,block06
train_221,1,user01,block06
train_222,0,user01,block06
train_223,1,user01,block06
train_224,0,user01,block06
train_225,1,user01,block06
train_226,0,user01,block06
train_227,1,user01,block06
train_228,0,user01,block06
train_229,1,user01,block06
train_230,0,user01,block06
train_231,1,user01,block06
train_232,1,user02,block01
train_233,0,user02,block01
train_234,0,user02,block01
train_235,0,user02,block01
train_236,1,user02,block01
train_237,0,user02,block01
train_238,1,user02,block01
train_239,0,user02,block01
train_240,1,user02,block01
train_241,0,user02,block01
train_242,1,user02,block01
train_243,0,user02,block01
train_244,1,user02,block01
train_245,0,user02,block01
train_246,1,user02,block01
train_247,0,user02,block01
train_248,1,user02,block01
train_249,0,user02,block01
train_250,1,user02,block01
train_251,0,user02,block01
train_252,1,user02,block01
train_253,0,user02,block01
train_254,1,user02,block01
train_255,0,user02,block01
train_256,1,user02,block01
train_257,0,user02,block01
train_258,1,user02,block01
train_259,0,user02,block01
train_260,1,user02,block01
train_261,0,user02,block01
train_262,1,user02,block01
train_263,0,user02,block01
train_264,1,user02,block01
train_265,0,user02,block01
train_266,1,user02,block01
train_267,0,user02,block01
train_268,1,user02,block01
train_269,0,user02,block02
train_270,1,user02,block02
train_271,0,user02,block02
train_272,1,user02,block02
train_273,0,user02,block02
train_274,1,user02,block02
train_275,0,user02,block02
train_276,1,user02,block02
train_277,0,user02,block02
train_278,1,user02,block02
train_279,0,user02,block02
train_280,1,user02,block02
train_281,0,user02,block02
train_282,1,user02,block02
train_283,0,user02,block02
train_284,1,user02,block02
train_285,0,user02,block02
train_286,0,user02,block02
train_287,1,user02,block02
train_288,0,user02,block02
train_289,1,user02,block02
train_290,0,user02,block02
train_291,1,user02,block02
train_292,0,user02,block02
train_293,1,user02,block02
train_294,0,user02,block02
train_295,1,user02,block02
train_296,0,user02,block02
train_297,1,user02,block02
train_298,0,user02,block02
train_299,1,user02,block02
train_300,0,user02,block02
train_301,1,user02,block02
train_302,0,user02,block02
train_303,1,user02,block02
train_304,0,user02,block02
train_305,1,user02,block02
train_306,0,user02,block02
train_307,1,user02,block02
train_308,0,user02,block03
train_309,1,user02,block03
train_310,0,user02,block03
train_311,1,user02,block03
train_312,0,user02,block03
train_313,1,user02,block03
train_314,0,user02,block03
train_315,1,user02,block03
train_316,1,user02,block03
train_317,0,user02,block03
train_318,1,user02,block03
train_319,0,user02,block03
train_320,1,user02,block03
train_321,0,user02,block03
train_322,1,user02,block03
train_323,0,user02,block03
train_324,1,user02,block03
train_325,0,user02,block03
train_326,1,user02,block03
train_327,0,user02,block03
train_328,1,user02,block03
train_329,0,user02,block03
train_330,1,user02,block03
train_331,0,user02,block03
train_332,1,user02,block03
train_333,0,user02,block03
train_334,1,user02,block03
train_335,0,user02,block03
train_336,1,user02,block03
train_337,0,user02,block03
train_338,0,user02,block03
train_339,1,user02,block03
train_340,0,user02,block03
train_341,1,user02,block03
train_342,0,user02,block03
train_343,1,user02,block03
train_344,0,user02,block03
train_345,1,user02,block03
train_346,0,user02,block04
train_347,1,user02,block04
train_348,0,user02,block04
train_349,1,user02,block04
train_350,0,user02,block04
train_351,1,user02,block04
train_352,0,user02,block04
train_353,1,user02,block04
train_354,0,user02,block04
train_355,1,user02,block04
train_356,0,user02,block04
train_357,1,user02,block04
train_358,0,user02,block04
train_359,1,user02,block04
train_360,0,user02,block04
train_361,1,user02,block04
train_362,0,user02,block04
train_363,0,user02,block04
train_364,0,user02,block04
train_365,1,user02,block04
train_366,0,user02,block04
train_367,1,user02,block04
train_368,0,user02,block04
train_369,1,user02,block04
train_370,0,user02,block04
train_371,1,user02,block04
train_372,0,user02,block04
train_373,0,user02,block04
train_374,1,user02,block04
train_375,0,user02,block04
train_376,1,user02,block04
train_377,0,user02,block04
train_378,1,user02,block04
train_379,0,user02,block04
train_380,1,user02,block04
train_381,0,user02,block04
train_382,1,user02,block04
train_383,0,user02,block05
train_384,1,user02,block05
train_385,0,user02,block05
train_386,1,user02,block05
train_387,0,user02,block05
train_388,1,user02,block05
train_389,0,user02,block05
train_390,1,user02,block05
train_391,0,user02,block05
train_392,1,user02,block05
train_393,0,user02,block05
train_394,1,user02,block05
train_395,0,user02,block05
train_396,1,user02,block05
train_397,0,user02,block05
train_398,1,user02,block05
train_399,0,user02,block05
train_400,1,user02,block05
train_401,0,user02,block05
train_402,1,user02,block05
train_403,0,user02,block05
train_404,1,user02,block05
train_405,0,user02,block05
train_406,1,user02,block05
train_407,0,user02,block05
train_408,1,user02,block05
train_409,0,user02,block05
train_410,1,user02,block05
train_411,0,user02,block05
train_412,1,user02,block05
train_413,0,user02,block05
train_414,1,user02,block05
train_415,0,user02,block05
train_416,1,user02,block05
train_417,0,user02,block05
train_418,1,user02,block05
train_419,0,user02,block05
train_420,1,user02,block05
train_421,0,user02,block05
train_422,0,user02,block06
train_423,1,user02,block06
train_424,0,user02,block06
train_425,1,user02,block06
train_426,0,user02,block06
train_427,1,user02,block06
train_428,0,user02,block06
train_429,1,user02,block06
train_430,0,user02,block06
train_431,1,user02,block06
train_432,0,user02,block06
train_433,1,user02,block06
train_434,0,user02,block06
train_435,1,user02,block06
train_436,0,user02,block06
train_437,1,user02,block06
train_438,0,user02,block06
train_439,1,user02,block06
train_440,0,user02,block06
train_441,1,user02,block06
train_442,0,user02,block06
train_443,1,user02,block06
train_444,0,user02,block06
train_445,1,user02,block06
train_446,0,user02,block06
train_447,1,user02,block06
train_448,0,user02,block06
train_449,1,user02,block06
train_450,1,user02,block06
train_451,0,user02,block06
train_452,1,user02,block06
train_453,0,user02,block06
train_454,1,user02,block06
train_455,0,user02,block06
train_456,1,user02,block06
train_457,0,user02,block06
train_458,1,user02,block06
train_459,0,user02,block06
train_460,1,user02,block06
train_461,0,user03,block01
train_462,0,user03,block01
train_463,0,user03,block01
train_464,1,user03,block01
train_465,0,user03,block01
train_466,1,user03,block01
train_467,0,user03,block01
train_468,1,user03,block01
train_469,0,user03,block01
train_470,1,user03,block01
train_471,0,user03,block01
train_472,1,user03,block01
train_473,0,user03,block01
train_474,1,user03,block01
train_475,0,user03,block01
train_476,1,user03,block01
train_477,0,user03,block01
train_478,1,user03,block01
train_479,0,user03,block01
train_480,1,user03,block01
train_481,0,user03,block01
train_482,1,user03,block01
train_483,0,user03,block01
train_484,1,user03,block01
train_485,0,user03,block01
train_486,1,user03,block01
train_487,0,user03,block01
train_488,1,user03,block01
train_489,0,user03,block01
train_490,1,user03,block01
train_491,0,user03,block01
train_492,1,user03,block01
train_493,0,user03,block01
train_494,1,user03,block01
train_495,0,user03,block01
train_496,1,user03,block01
train_497,0,user03,block01
train_498,1,user03,block01
train_499,0,user03,block02
train_500,1,user03,block02
train_501,0,user03,block02
train_502,1,user03,block02
train_503,0,user03,block02
train_504,1,user03,block02
train_505,0,user03,block02
train_506,1,user03,block02
train_507,0,user03,block02
train_508,1,user03,block02
train_509,0,user03,block02
train_510,1,user03,block02
train_511,0,user03,block02
train_512,1,user03,block02
train_513,0,user03,block02
train_514,1,user03,block02
train_515,0,user03,block02
train_516,1,user03,block02
train_517,0,user03,block02
train_518,1,user03,block02
train_519,0,user03,block02
train_520,1,user03,block02
train_521,0,user03,block02
train_522,1,user03,block02
train_523,0,user03,block02
train_524,1,user03,block02
train_525,0,user03,block02
train_526,1,user03,block02
train_527,0,user03,block02
train_528,1,user03,block02
train_529,0,user03,block02
train_530,1,user03,block02
train_531,0,user03,block02
train_532,1,user03,block02
train_533,0,user03,block02
train_534,1,user03,block02
train_535,0,user03,block02
train_536,1,user03,block02
train_537,0,user03,block02
train_538,1,user03,block02
train_539,0,user03,block03
train_540,1,user03,block03
train_541,0,user03,block03
train_542,1,user03,block03
train_543,0,user03,block03
train_544,1,user03,block03
train_545,0,user03,block03
train_546,1,user03,block03
train_547,0,user03,block03
train_548,1,user03,block03
train_549,0,user03,block03
train_550,1,user03,block03
train_551,0,user03,block03
train_552,1,user03,block03
train_553,0,user03,block03
train_554,1,user03,block03
train_555,0,user03,block03
train_556,1,user03,block03
train_557,0,user03,block03
train_558,1,user03,block03
train_559,0,user03,block03
train_560,1,user03,block03
train_561,0,user03,block03
train_562,1,user03,block03
train_563,0,user03,block03
train_564,1,user03,block03
train_565,0,user03,block03
train_566,1,user03,block03
train_567,0,user03,block03
train_568,1,user03,block03
train_569,0,user03,block03
train_570,1,user03,block03
train_571,0,user03,block03
train_572,1,user03,block03
train_573,0,user03,block03
train_574,1,user03,block03
train_575,0,user03,block03
train_576,1,user03,block03
train_577,0,user03,block03
train_578,1,user03,block03
train_579,0,user03,block04
train_580,1,user03,block04
train_581,0,user03,block04
train_582,1,user03,block04
train_583,0,user03,block04
train_584,1,user03,block04
train_585,0,user03,block04
train_586,1,user03,block04
train_587,0,user03,block04
train_588,1,user03,block04
train_589,0,user03,block04
train_590,1,user03,block04
train_591,0,user03,block04
train_592,1,user03,block04
train_593,0,user03,block04
train_594,1,user03,block04
train_595,0,user03,block04
train_596,1,user03,block04
train_597,0,user03,block04
train_598,1,user03,block04
train_599,0,user03,block04
train_600,1,user03,block04
train_601,0,user03,block04
train_602,1,user03,block04
train_603,0,user03,block04
train_604,1,user03,block04
train_605,0,user03,block04
train_606,1,user03,block04
train_607,0,user03,block04
train_608,1,user03,block04
train_609,0,user03,block04
train_610,1,user03,block04
train_611,0,user03,block04
train_612,1,user03,block04
train_613,0,user03,block04
train_614,1,user03,block04
train_615,0,user03,block04
train_616,1,user03,block04
train_617,0,user03,block04
train_618,1,user03,block04
train_619,0,user03,block05
train_620,1,user03,block05
train_621,0,user03,block05
train_622,1,user03,block05
train_623,0,user03,block05
train_624,1,user03,block05
train_625,0,user03,block05
train_626,1,user03,block05
train_627,0,user03,block05
train_628,1,user03,block05
train_629,0,user03,block05
train_630,1,user03,block05
train_631,0,user03,block05
train_632,1,user03,block05
train_633,0,user03,block05
train_634,1,user03,block05
train_635,0,user03,block05
train_636,1,user03,block05
train_637,0,user03,block05
train_638,1,user03,block05
train_639,0,user03,block05
train_640,1,user03,block05
train_641,0,user03,block05
train_642,1,user03,block05
train_643,0,user03,block05
train_644,1,user03,block05
train_645,0,user03,block05
train_646,1,user03,block05
train_647,0,user03,block05
train_648,1,user03,block05
train_649,0,user03,block05
train_650,1,user03,block05
train_651,0,user03,block05
train_652,1,user03,block05
train_653,0,user03,block05
train_654,1,user03,block05
train_655,0,user03,block05
train_656,1,user03,block05
train_657,0,user03,block05
train_658,1,user03,block05
train_659,0,user03,block06
train_660,1,user03,block06
train_661,0,user03,block06
train_662,1,user03,block06
train_663,0,user03,block06
train_664,1,user03,block06
train_665,0,user03,block06
train_666,1,user03,block06
train_667,0,user03,block06
train_668,1,user03,block06
train_669,0,user03,block06
train_670,1,user03,block06
train_671,0,user03,block06
train_672,1,user03,block06
train_673,0,user03,block06
train_674,1,user03,block06
train_675,0,user03,block06
train_676,1,user03,block06
train_677,0,user03,block06
train_678,1,user03,block06
train_679,0,user03,block06
train_680,1,user03,block06
train_681,0,user03,block06
train_682,1,user03,block06
train_683,0,user03,block06
train_684,1,user03,block06
train_685,0,user03,block06
train_686,1,user03,block06
train_687,0,user03,block06
train_688,1,user03,block06
train_689,0,user03,block06
train_690,1,user03,block06
train_691,0,user03,block06
train_692,1,user03,block06
train_693,0,user03,block06
train_694,1,user03,block06
train_695,0,user03,block06
train_696,1,user03,block06
train_697,0,user03,block06
train_698,1,user03,block06
train_699,0,user04,block01
train_700,1,user04,block01
train_701,0,user04,block01
train_702,1,user04,block01
train_703,0,user04,block01
train_704,1,user04,block01
train_705,0,user04,block01
train_706,1,user04,block01
train_707,0,user04,block01
train_708,1,user04,block01
train_709,0,user04,block01
train_710,1,user04,block01
train_711,0,user04,block01
train_712,0,user04,block01
train_713,1,user04,block01
train_714,0,user04,block01
train_715,1,user04,block01
train_716,0,user04,block01
train_717,1,user04,block01
train_718,0,user04,block01
train_719,1,user04,block01
train_720,0,user04,block01
train_721,0,user04,block01
train_722,1,user04,block01
train_723,0,user04,block01
train_724,1,user04,block01
train_725,0,user04,block01
train_726,1,user04,block01
train_727,0,user04,block01
train_728,1,user04,block01
train_729,0,user04,block01
train_730,0,user04,block01
train_731,1,user04,block01
train_732,1,user04,block01
train_733,0,user04,block01
train_734,1,user04,block01
train_735,0,user04,block02
train_736,1,user04,block02
train_737,0,user04,block02
train_738,1,user04,block02
train_739,0,user04,block02
train_740,1,user04,block02
train_741,1,user04,block02
train_742,0,user04,block02
train_743,1,user04,block02
train_744,0,user04,block02
train_745,1,user04,block02
train_746,0,user04,block02
train_747,1,user04,block02
train_748,0,user04,block02
train_749,1,user04,block02
train_750,0,user04,block02
train_751,1,user04,block02
train_752,0,user04,block02
train_753,1,user04,block02
train_754,0,user04,block02
train_755,1,user04,block02
train_756,0,user04,block02
train_757,1,user04,block02
train_758,0,user04,block02
train_759,1,user04,block02
train_760,0,user04,block02
train_761,1,user04,block02
train_762,0,user04,block02
train_763,1,user04,block02
train_764,0,user04,block02
train_765,0,user04,block02
train_766,1,user04,block02
train_767,0,user04,block02
train_768,1,user04,block02
train_769,0,user04,block02
train_770,1,user04,block02
train_771,0,user04,block02
train_772,1,user04,block02
train_773,0,user04,block03
train_774,1,user04,block03
train_775,0,user04,block03
train_776,1,user04,block03
train_777,0,user04,block03
train_778,1,user04,block03
train_779,0,user04,block03
train_780,1,user04,block03
train_781,0,user04,block03
train_782,1,user04,block03
train_783,0,user04,block03
train_784,1,user04,block03
train_785,0,user04,block03
train_786,1,user04,block03
train_787,0,user04,block03
train_788,1,user04,block03
train_789,0,user04,block03
train_790,1,user04,block03
train_791,0,user04,block03
train_792,1,user04,block03
train_793,0,user04,block03
train_794,1,user04,block03
train_795,0,user04,block03
train_796,1,user04,block03
train_797,0,user04,block03
train_798,1,user04,block03
train_799,0,user04,block03
train_800,1,user04,block03
train_801,0,user04,block03
train_802,1,user04,block03
train_803,0,user04,block03
train_804,1,user04,block03
train_805,0,user04,block03
train_806,1,user04,block03
train_807,0,user04,block03
train_808,1,user04,block03
train_809,0,user04,block03
train_810,1,user04,block03
train_811,0,user04,block03
train_812,1,user04,block03
train_813,0,user04,block04
train_814,0,user04,block04
train_815,1,user04,block04
train_816,0,user04,block04
train_817,1,user04,block04
train_818,0,user04,block04
train_819,1,user04,block04
train_820,0,user04,block04
train_821,1,user04,block04
train_822,0,user04,block04
train_823,1,user04,block04
train_824,0,user04,block04
train_825,1,user04,block04
train_826,0,user04,block04
train_827,1,user04,block04
train_828,0,user04,block04
train_829,1,user04,block04
train_830,0,user04,block04
train_831,1,user04,block04
train_832,0,user04,block04
train_833,1,user04,block04
train_834,0,user04,block04
train_835,1,user04,block04
train_836,0,user04,block04
train_837,1,user04,block04
train_838,0,user04,block04
train_839,1,user04,block04
train_840,0,user04,block04
train_841,1,user04,block04
train_842,0,user04,block04
train_843,1,user04,block04
train_844,0,user04,block04
train_845,1,user04,block04
train_846,0,user04,block04
train_847,1,user04,block04
train_848,0,user04,block04
train_849,1,user04,block04
train_850,0,user04,block04
train_851,1,user04,block04
train_852,0,user04,block05
train_853,1,user04,block05
train_854,0,user04,block05
train_855,1,user04,block05
train_856,0,user04,block05
train_857,1,user04,block05
train_858,0,user04,block05
train_859,1,user04,block05
train_860,0,user04,block05
train_861,1,user04,block05
train_862,0,user04,block05
train_863,1,user04,block05
train_864,0,user04,block05
train_865,1,user04,block05
train_866,0,user04,block05
train_867,1,user04,block05
train_868,0,user04,block05
train_869,1,user04,block05
train_870,0,user04,block05
train_871,1,user04,block05
train_872,0,user04,block05
train_873,1,user04,block05
train_874,0,user04,block05
train_875,1,user04,block05
train_876,0,user04,block05
train_877,1,user04,block05
train_878,0,user04,block05
train_879,1,user04,block05
train_880,0,user04,block05
train_881,1,user04,block05
train_882,0,user04,block05
train_883,1,user04,block05
train_884,0,user04,block05
train_885,1,user04,block05
train_886,0,user04,block05
train_887,0,user04,block05
train_888,1,user04,block05
train_889,0,user04,block05
train_890,1,user04,block05
train_891,0,user04,block06
train_892,1,user04,block06
train_893,0,user04,block06
train_894,1,user04,block06
train_895,0,user04,block06
train_896,1,user04,block06
train_897,0,user04,block06
train_898,1,user04,block06
train_899,0,user04,block06
train_900,1,user04,block06
train_901,0,user04,block06
train_902,1,user04,block06
train_903,0,user04,block06
train_904,1,user04,block06
train_905,1,user04,block06
train_906,0,user04,block06
train_907,1,user04,block06
train_908,0,user04,block06
train_909,1,user04,block06
train_910,0,user04,block06
train_911,1,user04,block06
train_912,0,user04,block06
train_913,1,user04,block06
train_914,0,user04,block06
train_915,1,user04,block06
train_916,0,user04,block06
train_917,1,user04,block06
train_918,0,user04,block06
train_919,1,user04,block06
train_920,0,user04,block06
train_921,1,user04,block06
train_922,0,user04,block06
train_923,1,user04,block06
train_924,0,user04,block06
train_925,1,user04,block06
train_926,0,user04,block06
train_927,1,user04,block06
train_928,0,user04,block06
train_929,1,user04,block06
train_930,0,user05,block01
train_931,1,user05,block01
train_932,0,user05,block01
train_933,1,user05,block01
train_934,0,user05,block01
train_935,1,user05,block01
train_936,0,user05,block01
train_937,1,user05,block01
train_938,0,user05,block01
train_939,1,user05,block01
train_940,0,user05,block01
train_941,1,user05,block01
train_942,0,user05,block01
train_943,1,user05,block01
train_944,0,user05,block01
train_945,1,user05,block01
train_946,0,user05,block01
train_947,1,user05,block01
train_948,0,user05,block01
train_949,1,user05,block01
train_950,0,user05,block01
train_951,1,user05,block01
train_952,0,user05,block01
train_953,1,user05,block01
train_954,0,user05,block01
train_955,1,user05,block01
train_956,0,user05,block01
train_957,0,user05,block01
train_958,1,user05,block01
train_959,0,user05,block01
train_960,1,user05,block01
train_961,0,user05,block01
train_962,1,user05,block01
train_963,0,user05,block01
train_964,1,user05,block01
train_965,0,user05,block01
train_966,1,user05,block01
train_967,0,user05,block01
train_968,1,user05,block01
train_969,1,user05,block02
train_970,0,user05,block02
train_971,1,user05,block02
train_972,0,user05,block02
train_973,1,user05,block02
train_974,0,user05,block02
train_975,1,user05,block02
train_976,0,user05,block02
train_977,1,user05,block02
train_978,0,user05,block02
train_979,1,user05,block02
train_980,0,user05,block02
train_981,1,user05,block02
train_982,0,user05,block02
train_983,1,user05,block02
train_984,0,user05,block02
train_985,1,user05,block02
train_986,0,user05,block02
train_987,1,user05,block02
train_988,0,user05,block02
train_989,1,user05,block02
train_990,1,user05,block02
train_991,0,user05,block02
train_992,1,user05,block02
train_993,0,user05,block02
train_994,0,user05,block02
train_995,1,user05,block02
train_996,0,user05,block02
train_997,1,user05,block02
train_998,0,user05,block02
train_999,1,user05,block02
train_1000,0,user05,block02
train_1001,1,user05,block02
train_1002,0,user05,block02
train_1003,1,user05,block02
train_1004,0,user05,block02
train_1005,1,user05,block02
train_1006,0,user05,block03
train_1007,1,user05,block03
train_1008,1,user05,block03
train_1009,0,user05,block03
train_1010,1,user05,block03
train_1011,0,user05,block03
train_1012,1,user05,block03
train_1013,0,user05,block03
train_1014,1,user05,block03
train_1015,0,user05,block03
train_1016,1,user05,block03
train_1017,0,user05,block03
train_1018,1,user05,block03
train_1019,0,user05,block03
train_1020,1,user05,block03
train_1021,0,user05,block03
train_1022,1,user05,block03
train_1023,0,user05,block03
train_1024,0,user05,block03
train_1025,1,user05,block03
train_1026,0,user05,block03
train_1027,1,user05,block03
train_1028,0,user05,block03
train_1029,1,user05,block03
train_1030,0,user05,block03
train_1031,1,user05,block03
train_1032,0,user05,block03
train_1033,1,user05,block03
train_1034,0,user05,block03
train_1035,1,user05,block03
train_1036,0,user05,block03
train_1037,1,user05,block03
train_1038,0,user05,block03
train_1039,1,user05,block03
train_1040,0,user05,block03
train_1041,1,user05,block03
train_1042,0,user05,block03
train_1043,1,user05,block03
train_1044,0,user05,block04
train_1045,1,user05,block04
train_1046,0,user05,block04
train_1047,1,user05,block04
train_1048,0,user05,block04
train_1049,1,user05,block04
train_1050,0,user05,block04
train_1051,1,user05,block04
train_1052,0,user05,block04
train_1053,0,user05,block04
train_1054,1,user05,block04
train_1055,0,user05,block04
train_1056,1,user05,block04
train_1057,0,user05,block04
train_1058,1,user05,block04
train_1059,0,user05,block04
train_1060,0,user05,block04
train_1061,1,user05,block04
train_1062,0,user05,block04
train_1063,1,user05,block04
train_1064,0,user05,block04
train_1065,1,user05,block04
train_1066,0,user05,block04
train_1067,1,user05,block04
train_1068,0,user05,block04
train_1069,1,user05,block04
train_1070,0,user05,block04
train_1071,1,user05,block04
train_1072,0,user05,block04
train_1073,1,user05,block04
train_1074,0,user05,block04
train_1075,1,user05,block04
train_1076,0,user05,block04
train_1077,1,user05,block04
train_1078,0,user05,block04
train_1079,1,user05,block04
train_1080,0,user05,block04
train_1081,1,user05,block04
train_1082,0,user05,block05
train_1083,1,user05,block05
train_1084,0,user05,block05
train_1085,1,user05,block05
train_1086,0,user05,block05
train_1087,1,user05,block05
train_1088,0,user05,block05
train_1089,1,user05,block05
train_1090,0,user05,block05
train_1091,1,user05,block05
train_1092,0,user05,block05
train_1093,1,user05,block05
train_1094,0,user05,block05
train_1095,1,user05,block05
train_1096,0,user05,block05
train_1097,1,user05,block05
train_1098,0,user05,block05
train_1099,1,user05,block05
train_1100,0,user05,block05
train_1101,1,user05,block05
train_1102,0,user05,block05
train_1103,1,user05,block05
train_1104,0,user05,block05
train_1105,1,user05,block05
train_1106,0,user05,block05
train_1107,1,user05,block05
train_1108,0,user05,block05
train_1109,1,user05,block05
train_1110,0,user05,block05
train_1111,1,user05,block05
train_1112,0,user05,block05
train_1113,1,user05,block05
train_1114,0,user05,block05
train_1115,1,user05,block05
train_1116,0,user05,block05
train_1117,1,user05,block05
train_1118,0,user05,block05
train_1119,1,user05,block05
train_1120,0,user05,block05
train_1121,1,user05,block05
train_1122,0,user05,block06
train_1123,1,user05,block06
train_1124,0,user05,block06
train_1125,1,user05,block06
train_1126,0,user05,block06
train_1127,1,user05,block06
train_1128,0,user05,block06
train_1129,1,user05,block06
train_1130,0,user05,block06
train_1131,1,user05,block06
train_1132,0,user05,block06
train_1133,1,user05,block06
train_1134,0,user05,block06
train_1135,1,user05,block06
train_1136,0,user05,block06
train_1137,1,user05,block06
train_1138,0,user05,block06
train_1139,1,user05,block06
train_1140,0,user05,block06
train_1141,1,user05,block06
train_1142,0,user05,block06
train_1143,1,user05,block06
train_1144,1,user05,block06
train_1145,0,user05,block06
train_1146,1,user05,block06
train_1147,0,user05,block06
train_1148,1,user05,block06
train_1149,0,user05,block06
train_1150,1,user05,block06
train_1151,0,user05,block06
train_1152,1,user05,block06
train_1153,0,user05,block06
train_1154,0,user05,block06
train_1155,1,user05,block06
train_1156,0,user05,block06
train_1157,1,user05,block06
train_1158,0,user05,block06
train_1159,0,user06,block01
train_1160,1,user06,block01
train_1161,0,user06,block01
train_1162,1,user06,block01
train_1163,0,user06,block01
train_1164,1,user06,block01
train_1165,0,user06,block01
train_1166,1,user06,block01
train_1167,0,user06,block01
train_1168,1,user06,block01
train_1169,0,user06,block01
train_1170,1,user06,block01
train_1171,0,user06,block01
train_1172,1,user06,block01
train_1173,0,user06,block01
train_1174,1,user06,block01
train_1175,0,user06,block01
train_1176,1,user06,block01
train_1177,0,user06,block01
train_1178,1,user06,block01
train_1179,0,user06,block01
train_1180,1,user06,block01
train_1181,0,user06,block01
train_1182,1,user06,block01
train_1183,0,user06,block01
train_1184,1,user06,block01
train_1185,0,user06,block01
train_1186,1,user06,block01
train_1187,1,user06,block01
train_1188,0,user06,block01
train_1189,1,user06,block01
train_1190,0,user06,block01
train_1191,1,user06,block01
train_1192,0,user06,block01
train_1193,1,user06,block01
train_1194,0,user06,block01
train_1195,1,user06,block01
train_1196,0,user06,block01
train_1197,1,user06,block01
train_1198,0,user06,block02
train_1199,1,user06,block02
train_1200,0,user06,block02
train_1201,1,user06,block02
train_1202,0,user06,block02
train_1203,1,user06,block02
train_1204,0,user06,block02
train_1205,1,user06,block02
train_1206,0,user06,block02
train_1207,1,user06,block02
train_1208,0,user06,block02
train_1209,1,user06,block02
train_1210,1,user06,block02
train_1211,0,user06,block02
train_1212,1,user06,block02
train_1213,0,user06,block02
train_1214,0,user06,block02
train_1215,1,user06,block02
train_1216,1,user06,block02
train_1217,0,user06,block02
train_1218,1,user06,block02
train_1219,0,user06,block02
train_1220,1,user06,block02
train_1221,0,user06,block02
train_1222,1,user06,block02
train_1223,0,user06,block02
train_1224,1,user06,block02
train_1225,0,user06,block02
train_1226,1,user06,block02
train_1227,0,user06,block02
train_1228,1,user06,block02
train_1229,0,user06,block02
train_1230,1,user06,block02
train_1231,0,user06,block02
train_1232,1,user06,block02
train_1233,1,user06,block02
train_1234,0,user06,block03
train_1235,1,user06,block03
train_1236,1,user06,block03
train_1237,1,user06,block03
train_1238,0,user06,block03
train_1239,1,user06,block03
train_1240,0,user06,block03
train_1241,1,user06,block03
train_1242,0,user06,block03
train_1243,0,user06,block03
train_1244,1,user06,block03
train_1245,0,user06,block03
train_1246,1,user06,block03
train_1247,0,user06,block03
train_1248,1,user06,block03
train_1249,0,user06,block03
train_1250,1,user06,block03
train_1251,0,user06,block03
train_1252,1,user06,block03
train_1253,0,user06,block03
train_1254,1,user06,block03
train_1255,0,user06,block03
train_1256,1,user06,block03
train_1257,0,user06,block03
train_1258,1,user06,block03
train_1259,1,user06,block03
train_1260,0,user06,block03
train_1261,1,user06,block03
train_1262,0,user06,block03
train_1263,1,user06,block03
train_1264,0,user06,block03
train_1265,1,user06,block03
train_1266,1,user06,block03
train_1267,0,user06,block04
train_1268,1,user06,block04
train_1269,0,user06,block04
train_1270,1,user06,block04
train_1271,0,user06,block04
train_1272,1,user06,block04
train_1273,1,user06,block04
train_1274,0,user06,block04
train_1275,1,user06,block04
train_1276,0,user06,block04
train_1277,1,user06,block04
train_1278,0,user06,block04
train_1279,1,user06,block04
train_1280,0,user06,block04
train_1281,1,user06,block04
train_1282,0,user06,block04
train_1283,1,user06,block04
train_1284,0,user06,block04
train_1285,1,user06,block04
train_1286,0,user06,block04
train_1287,1,user06,block04
train_1288,0,user06,block04
train_1289,1,user06,block04
train_1290,0,user06,block04
train_1291,0,user06,block04
train_1292,1,user06,block04
train_1293,0,user06,block04
train_1294,0,user06,block04
train_1295,1,user06,block04
train_1296,0,user06,block04
train_1297,1,user06,block04
train_1298,0,user06,block04
train_1299,1,user06,block04
train_1300,1,user06,block04
train_1301,0,user06,block04
train_1302,1,user06,block04
train_1303,0,user06,block05
train_1304,1,user06,block05
train_1305,0,user06,block05
train_1306,1,user06,block05
train_1307,0,user06,block05
train_1308,1,user06,block05
train_1309,0,user06,block05
train_1310,1,user06,block05
train_1311,0,user06,block05
train_1312,1,user06,block05
train_1313,0,user06,block05
train_1314,1,user06,block05
train_1315,0,user06,block05
train_1316,1,user06,block05
train_1317,0,user06,block05
train_1318,1,user06,block05
train_1319,0,user06,block05
train_1320,1,user06,block05
train_1321,0,user06,block05
train_1322,0,user06,block05
train_1323,1,user06,block05
train_1324,0,user06,block05
train_1325,1,user06,block05
train_1326,0,user06,block05
train_1327,1,user06,block05
train_1328,0,user06,block05
train_1329,1,user06,block05
train_1330,0,user06,block05
train_1331,1,user06,block05
train_1332,0,user06,block05
train_1333,1,user06,block05
train_1334,0,user06,block05
train_1335,1,user06,block05
train_1336,0,user06,block05
train_1337,1,user06,block05
train_1338,0,user06,block05
train_1339,1,user06,block05
train_1340,0,user06,block05
train_1341,1,user06,block05
train_1342,0,user06,block06
train_1343,1,user06,block06
train_1344,0,user06,block06
train_1345,1,user06,block06
train_1346,0,user06,block06
train_1347,1,user06,block06
train_1348,0,user06,block06
train_1349,1,user06,block06
train_1350,0,user06,block06
train_1351,1,user06,block06
train_1352,0,user06,block06
train_1353,1,user06,block06
train_1354,0,user06,block06
train_1355,1,user06,block06
train_1356,0,user06,block06
train_1357,0,user06,block06
train_1358,1,user06,block06
train_1359,0,user06,block06
train_1360,1,user06,block06
train_1361,0,user06,block06
train_1362,1,user06,block06
train_1363,0,user06,block06
train_1364,0,user06,block06
train_1365,1,user06,block06
train_1366,0,user06,block06
train_1367,1,user06,block06
train_1368,0,user06,block06
train_1369,0,user06,block06
train_1370,1,user06,block06
train_1371,0,user06,block06
train_1372,1,user06,block06
train_1373,0,user06,block06
train_1374,1,user06,block06
train_1375,0,user06,block06
train_1376,0,user06,block06
train_1377,1,user06,block06
train_1378,0,user07,block01
train_1379,0,user07,block01
train_1380,1,user07,block01
train_1381,0,user07,block01
train_1382,1,user07,block01
train_1383,0,user07,block01
train_1384,1,user07,block01
train_1385,0,user07,block01
train_1386,1,user07,block01
train_1387,0,user07,block01
train_1388,1,user07,block01
train_1389,0,user07,block01
train_1390,1,user07,block01
train_1391,1,user07,block01
train_1392,0,user07,block01
train_1393,1,user07,block01
train_1394,0,user07,block01
train_1395,1,user07,block01
train_1396,0,user07,block01
train_1397,1,user07,block01
train_1398,0,user07,block01
train_1399,1,user07,block01
train_1400,0,user07,block01
train_1401,1,user07,block01
train_1402,0,user07,block01
train_1403,1,user07,block01
train_1404,0,user07,block01
train_1405,1,user07,block01
train_1406,0,user07,block01
train_1407,1,user07,block01
train_1408,0,user07,block01
train_1409,1,user07,block01
train_1410,0,user07,block01
train_1411,1,user07,block01
train_1412,0,user07,block01
train_1413,1,user07,block01
train_1414,0,user07,block01
train_1415,1,user07,block01
train_1416,0,user07,block02
train_1417,0,user07,block02
train_1418,1,user07,block02
train_1419,1,user07,block02
train_1420,0,user07,block02
train_1421,1,user07,block02
train_1422,0,user07,block02
train_1423,1,user07,block02
train_1424,0,user07,block02
train_1425,1,user07,block02
train_1426,0,user07,block02
train_1427,1,user07,block02
train_1428,0,user07,block02
train_1429,1,user07,block02
train_1430,0,user07,block02
train_1431,1,user07,block02
train_1432,0,user07,block02
train_1433,1,user07,block02
train_1434,0,user07,block02
train_1435,1,user07,block02
train_1436,0,user07,block02
train_1437,1,user07,block02
train_1438,0,user07,block02
train_1439,1,user07,block02
train_1440,0,user07,block02
train_1441,1,user07,block02
train_1442,0,user07,block02
train_1443,1,user07,block02
train_1444,0,user07,block02
train_1445,1,user07,block02
train_1446,0,user07,block02
train_1447,1,user07,block02
train_1448,0,user07,block02
train_1449,1,user07,block02
train_1450,0,user07,block02
train_1451,1,user07,block02
train_1452,0,user07,block02
train_1453,1,user07,block02
train_1454,0,user07,block03
train_1455,1,user07,block03
train_1456,0,user07,block03
train_1457,1,user07,block03
train_1458,0,user07,block03
train_1459,1,user07,block03
train_1460,0,user07,block03
train_1461,1,user07,block03
train_1462,0,user07,block03
train_1463,1,user07,block03
train_1464,0,user07,block03
train_1465,1,user07,block03
train_1466,0,user07,block03
train_1467,1,user07,block03
train_1468,0,user07,block03
train_1469,1,user07,block03
train_1470,0,user07,block03
train_1471,1,user07,block03
train_1472,0,user07,block03
train_1473,1,user07,block03
train_1474,0,user07,block03
train_1475,1,user07,block03
train_1476,0,user07,block03
train_1477,1,user07,block03
train_1478,0,user07,block03
train_1479,1,user07,block03
train_1480,0,user07,block03
train_1481,1,user07,block03
train_1482,0,user07,block03
train_1483,1,user07,block03
train_1484,0,user07,block03
train_1485,1,user07,block03
train_1486,0,user07,block03
train_1487,1,user07,block03
train_1488,0,user07,block03
train_1489,1,user07,block03
train_1490,0,user07,block03
train_1491,1,user07,block03
train_1492,0,user07,block03
train_1493,1,user07,block03
train_1494,0,user07,block04
train_1495,1,user07,block04
train_1496,0,user07,block04
train_1497,1,user07,block04
train_1498,0,user07,block04
train_1499,1,user07,block04
train_1500,0,user07,block04
train_1501,1,user07,block04
train_1502,0,user07,block04
train_1503,1,user07,block04
train_1504,0,user07,block04
train_1505,1,user07,block04
train_1506,0,user07,block04
train_1507,1,user07,block04
train_1508,0,user07,block04
train_1509,1,user07,block04
train_1510,0,user07,block04
train_1511,1,user07,block04
train_1512,0,user07,block04
train_1513,1,user07,block04
train_1514,0,user07,block04
train_1515,1,user07,block04
train_1516,0,user07,block04
train_1517,1,user07,block04
train_1518,0,user07,block04
train_1519,1,user07,block04
train_1520,0,user07,block04
train_1521,1,user07,block04
train_1522,0,user07,block04
train_1523,1,user07,block04
train_1524,0,user07,block04
train_1525,1,user07,block04
train_1526,0,user07,block04
train_1527,1,user07,block04
train_1528,0,user07,block04
train_1529,1,user07,block04
train_1530,0,user07,block04
train_1531,1,user07,block04
train_1532,0,user07,block04
train_1533,1,user07,block04
train_1534,0,user07,block05
train_1535,1,user07,block05
train_1536,0,user07,block05
train_1537,1,user07,block05
train_1538,0,user07,block05
train_1539,1,user07,block05
train_1540,0,user07,block05
train_1541,1,user07,block05
train_1542,0,user07,block05
train_1543,1,user07,block05
train_1544,0,user07,block05
train_1545,1,user07,block05
train_1546,0,user07,block05
train_1547,1,user07,block05
train_1548,0,user07,block05
train_1549,1,user07,block05
train_1550,0,user07,block05
train_1551,1,user07,block05
train_1552,0,user07,block05
train_1553,1,user07,block05
train_1554,0,user07,block05
train_1555,1,user07,block05
train_1556,0,user07,block05
train_1557,1,user07,block05
train_1558,0,user07,block05
train_1559,1,user07,block05
train_1560,0,user07,block05
train_1561,1,user07,block05
train_1562,0,user07,block05
train_1563,1,user07,block05
train_1564,0,user07,block05
train_1565,1,user07,block05
train_1566,0,user07,block05
train_1567,1,user07,block05
train_1568,0,user07,block05
train_1569,1,user07,block05
train_1570,0,user07,block05
train_1571,1,user07,block05
train_1572,0,user07,block05
train_1573,1,user07,block05
train_1574,0,user07,block06
train_1575,1,user07,block06
train_1576,0,user07,block06
train_1577,1,user07,block06
train_1578,0,user07,block06
train_1579,1,user07,block06
train_1580,0,user07,block06
train_1581,1,user07,block06
train_1582,0,user07,block06
train_1583,1,user07,block06
train_1584,0,user07,block06
train_1585,1,user07,block06
train_1586,0,user07,block06
train_1587,1,user07,block06
train_1588,0,user07,block06
train_1589,1,user07,block06
train_1590,0,user07,block06
train_1591,1,user07,block06
train_1592,0,user07,block06
train_1593,1,user07,block06
train_1594,0,user07,block06
train_1595,1,user07,block06
train_1596,0,user07,block06
train_1597,1,user07,block06
train_1598,0,user07,block06
train_1599,1,user07,block06
train_1600,0,user07,block06
train_1601,1,user07,block06
train_1602,0,user07,block06
train_1603,1,user07,block06
train_1604,0,user07,block06
train_1605,1,user07,block06
train_1606,0,user07,block06
train_1607,1,user07,block06
train_1608,0,user07,block06
train_1609,1,user07,block06
train_1610,0,user07,block06
train_1611,1,user07,block06
train_1612,0,user07,block06
train_1613,1,user07,block06
train_1614,0,user08,block01
train_1615,1,user08,block01
train_1616,0,user08,block01
train_1617,1,user08,block01
train_1618,0,user08,block01
train_1619,1,user08,block01
train_1620,0,user08,block01
train_1621,1,user08,block01
train_1622,0,user08,block01
train_1623,1,user08,block01
train_1624,0,user08,block01
train_1625,1,user08,block01
train_1626,0,user08,block01
train_1627,1,user08,block01
train_1628,0,user08,block01
train_1629,1,user08,block01
train_1630,1,user08,block01
train_1631,0,user08,block01
train_1632,1,user08,block01
train_1633,0,user08,block01
train_1634,1,user08,block01
train_1635,0,user08,block01
train_1636,1,user08,block01
train_1637,0,user08,block01
train_1638,1,user08,block01
train_1639,0,user08,block01
train_1640,1,user08,block01
train_1641,0,user08,block01
train_1642,1,user08,block01
train_1643,0,user08,block01
train_1644,1,user08,block01
train_1645,0,user08,block01
train_1646,0,user08,block01
train_1647,1,user08,block01
train_1648,0,user08,block01
train_1649,1,user08,block01
train_1650,0,user08,block01
train_1651,1,user08,block01
train_1652,0,user08,block02
train_1653,1,user08,block02
train_1654,0,user08,block02
train_1655,1,user08,block02
train_1656,0,user08,block02
train_1657,1,user08,block02
train_1658,0,user08,block02
train_1659,1,user08,block02
train_1660,0,user08,block02
train_1661,1,user08,block02
train_1662,0,user08,block02
train_1663,1,user08,block02
train_1664,0,user08,block02
train_1665,1,user08,block02
train_1666,0,user08,block02
train_1667,1,user08,block02
train_1668,0,user08,block02
train_1669,1,user08,block02
train_1670,0,user08,block02
train_1671,1,user08,block02
train_1672,0,user08,block02
train_1673,1,user08,block02
train_1674,0,user08,block02
train_1675,1,user08,block02
train_1676,0,user08,block02
train_1677,1,user08,block02
train_1678,0,user08,block02
train_1679,1,user08,block02
train_1680,0,user08,block02
train_1681,1,user08,block02
train_1682,0,user08,block02
train_1683,1,user08,block02
train_1684,0,user08,block02
train_1685,1,user08,block02
train_1686,0,user08,block02
train_1687,1,user08,block02
train_1688,0,user08,block02
train_1689,1,user08,block02
train_1690,0,user08,block02
train_1691,1,user08,block02
train_1692,1,user08,block03
train_1693,0,user08,block03
train_1694,1,user08,block03
train_1695,0,user08,block03
train_1696,1,user08,block03
train_1697,0,user08,block03
train_1698,1,user08,block03
train_1699,1,user08,block03
train_1700,0,user08,block03
train_1701,1,user08,block03
train_1702,0,user08,block03
train_1703,1,user08,block03
train_1704,0,user08,block03
train_1705,1,user08,block03
train_1706,0,user08,block03
train_1707,1,user08,block03
train_1708,0,user08,block03
train_1709,1,user08,block03
train_1710,0,user08,block03
train_1711,1,user08,block03
train_1712,0,user08,block03
train_1713,1,user08,block03
train_1714,0,user08,block03
train_1715,1,user08,block03
train_1716,0,user08,block03
train_1717,1,user08,block03
train_1718,0,user08,block03
train_1719,1,user08,block03
train_1720,0,user08,block03
train_1721,1,user08,block03
train_1722,0,user08,block03
train_1723,1,user08,block03
train_1724,0,user08,block03
train_1725,1,user08,block03
train_1726,0,user08,block03
train_1727,0,user08,block03
train_1728,1,user08,block03
train_1729,0,user08,block04
train_1730,1,user08,block04
train_1731,0,user08,block04
train_1732,1,user08,block04
train_1733,0,user08,block04
train_1734,1,user08,block04
train_1735,0,user08,block04
train_1736,1,user08,block04
train_1737,0,user08,block04
train_1738,1,user08,block04
train_1739,1,user08,block04
train_1740,0,user08,block04
train_1741,1,user08,block04
train_1742,0,user08,block04
train_1743,1,user08,block04
train_1744,0,user08,block04
train_1745,1,user08,block04
train_1746,0,user08,block04
train_1747,1,user08,block04
train_1748,0,user08,block04
train_1749,1,user08,block04
train_1750,0,user08,block04
train_1751,1,user08,block04
train_1752,0,user08,block04
train_1753,1,user08,block04
train_1754,0,user08,block04
train_1755,1,user08,block04
train_1756,0,user08,block04
train_1757,1,user08,block04
train_1758,0,user08,block04
train_1759,1,user08,block04
train_1760,0,user08,block04
train_1761,1,user08,block04
train_1762,0,user08,block04
train_1763,1,user08,block04
train_1764,0,user08,block04
train_1765,1,user08,block04
train_1766,0,user08,block05
train_1767,1,user08,block05
train_1768,0,user08,block05
train_1769,1,user08,block05
train_1770,0,user08,block05
train_1771,1,user08,block05
train_1772,0,user08,block05
train_1773,1,user08,block05
train_1774,1,user08,block05
train_1775,0,user08,block05
train_1776,1,user08,block05
train_1777,0,user08,block05
train_1778,0,user08,block05
train_1779,1,user08,block05
train_1780,0,user08,block05
train_1781,0,user08,block05
train_1782,0,user08,block05
train_1783,1,user08,block05
train_1784,0,user08,block05
train_1785,1,user08,block05
train_1786,0,user08,block05
train_1787,1,user08,block05
train_1788,0,user08,block05
train_1789,1,user08,block05
train_1790,0,user08,block05
train_1791,1,user08,block05
train_1792,0,user08,block05
train_1793,1,user08,block05
train_1794,0,user08,block05
train_1795,1,user08,block05
train_1796,0,user08,block05
train_1797,1,user08,block05
train_1798,0,user08,block05
train_1799,1,user08,block05
train_1800,0,user08,block05
train_1801,1,user08,block05
train_1802,0,user08,block06
train_1803,1,user08,block06
train_1804,0,user08,block06
train_1805,1,user08,block06
train_1806,0,user08,block06
train_1807,1,user08,block06
train_1808,0,user08,block06
train_1809,1,user08,block06
train_1810,1,user08,block06
train_1811,0,user08,block06
train_1812,1,user08,block06
train_1813,0,user08,block06
train_1814,1,user08,block06
train_1815,0,user08,block06
train_1816,1,user08,block06
train_1817,0,user08,block06
train_1818,1,user08,block06
train_1819,0,user08,block06
train_1820,1,user08,block06
train_1821,0,user08,block06
train_1822,1,user08,block06
train_1823,0,user08,block06
train_1824,1,user08,block06
train_1825,0,user08,block06
train_1826,1,user08,block06
train_1827,0,user08,block06
train_1828,1,user08,block06
train_1829,0,user08,block06
train_1830,1,user08,block06
train_1831,0,user08,block06
train_1832,1,user08,block06
train_1833,0,user08,block06
train_1834,1,user08,block06
train_1835,0,user08,block06
train_1836,1,user08,block06
train_1837,0,user08,block06
train_1838,1,user08,block06
train_1839,0,user08,block06
train_1840,1,user08,block06
train_1841,0,user09,block01
train_1842,1,user09,block01
train_1843,0,user09,block01
train_1844,1,user09,block01
train_1845,0,user09,block01
train_1846,1,user09,block01
train_1847,0,user09,block01
train_1848,1,user09,block01
train_1849,0,user09,block01
train_1850,1,user09,block01
train_1851,0,user09,block01
train_1852,1,user09,block01
train_1853,0,user09,block01
train_1854,1,user09,block01
train_1855,0,user09,block01
train_1856,1,user09,block01
train_1857,0,user09,block01
train_1858,1,user09,block01
train_1859,0,user09,block01
train_1860,1,user09,block01
train_1861,0,user09,block01
train_1862,1,user09,block01
train_1863,0,user09,block01
train_1864,1,user09,block01
train_1865,0,user09,block01
train_1866,1,user09,block01
train_1867,0,user09,block01
train_1868,1,user09,block01
train_1869,0,user09,block01
train_1870,1,user09,block01
train_1871,1,user09,block01
train_1872,0,user09,block01
train_1873,1,user09,block01
train_1874,0,user09,block01
train_1875,1,user09,block01
train_1876,0,user09,block01
train_1877,1,user09,block01
train_1878,0,user09,block01
train_1879,1,user09,block01
train_1880,0,user09,block02
train_1881,1,user09,block02
train_1882,0,user09,block02
train_1883,1,user09,block02
train_1884,0,user09,block02
train_1885,1,user09,block02
train_1886,0,user09,block02
train_1887,1,user09,block02
train_1888,0,user09,block02
train_1889,1,user09,block02
train_1890,0,user09,block02
train_1891,1,user09,block02
train_1892,0,user09,block02
train_1893,1,user09,block02
train_1894,0,user09,block02
train_1895,1,user09,block02
train_1896,0,user09,block02
train_1897,1,user09,block02
train_1898,0,user09,block02
train_1899,1,user09,block02
train_1900,0,user09,block02
train_1901,1,user09,block02
train_1902,0,user09,block02
train_1903,1,user09,block02
train_1904,0,user09,block02
train_1905,1,user09,block02
train_1906,0,user09,block02
train_1907,1,user09,block02
train_1908,0,user09,block02
train_1909,1,user09,block02
train_1910,0,user09,block02
train_1911,1,user09,block02
train_1912,0,user09,block02
train_1913,1,user09,block02
train_1914,0,user09,block02
train_1915,1,user09,block02
train_1916,0,user09,block02
train_1917,1,user09,block02
train_1918,0,user09,block02
train_1919,1,user09,block02
train_1920,0,user09,block04
train_1921,1,user09,block04
train_1922,0,user09,block04
train_1923,1,user09,block04
train_1924,0,user09,block04
train_1925,1,user09,block04
train_1926,1,user09,block04
train_1927,0,user09,block04
train_1928,1,user09,block04
train_1929,0,user09,block04
train_1930,1,user09,block04
train_1931,0,user09,block04
train_1932,1,user09,block04
train_1933,0,user09,block04
train_1934,1,user09,block04
train_1935,0,user09,block04
train_1936,1,user09,block04
train_1937,0,user09,block04
train_1938,1,user09,block04
train_1939,0,user09,block04
train_1940,1,user09,block04
train_1941,0,user09,block04
train_1942,1,user09,block04
train_1943,0,user09,block04
train_1944,0,user09,block04
train_1945,1,user09,block04
train_1946,1,user09,block04
train_1947,0,user09,block04
train_1948,1,user09,block04
train_1949,0,user09,block04
train_1950,1,user09,block04
train_1951,0,user09,block04
train_1952,1,user09,block04
train_1953,0,user09,block04
train_1954,1,user09,block04
train_1955,0,user09,block04
train_1956,1,user09,block04
train_1957,0,user09,block05
train_1958,1,user09,block05
train_1959,0,user09,block05
train_1960,1,user09,block05
train_1961,1,user09,block05
train_1962,1,user09,block05
train_1963,0,user09,block05
train_1964,1,user09,block05
train_1965,0,user09,block05
train_1966,0,user09,block05
train_1967,1,user09,block05
train_1968,0,user09,block05
train_1969,1,user09,block05
train_1970,0,user09,block05
train_1971,1,user09,block05
train_1972,0,user09,block05
train_1973,1,user09,block05
train_1974,1,user09,block05
train_1975,0,user09,block05
train_1976,1,user09,block05
train_1977,0,user09,block05
train_1978,1,user09,block05
train_1979,0,user09,block05
train_1980,1,user09,block05
train_1981,0,user09,block05
train_1982,1,user09,block05
train_1983,0,user09,block05
train_1984,1,user09,block05
train_1985,0,user09,block05
train_1986,0,user09,block05
train_1987,1,user09,block05
train_1988,1,user09,block05
train_1989,0,user09,block05
train_1990,1,user09,block05
train_1991,0,user09,block06
train_1992,1,user09,block06
train_1993,0,user09,block06
train_1994,1,user09,block06
train_1995,0,user09,block06
train_1996,1,user09,block06
train_1997,0,user09,block06
train_1998,1,user09,block06
train_1999,0,user09,block06
train_2000,1,user09,block06
train_2001,0,user09,block06
train_2002,1,user09,block06
train_2003,0,user09,block06
train_2004,1,user09,block06
train_2005,0,user09,block06
train_2006,1,user09,block06
train_2007,0,user09,block06
train_2008,1,user09,block06
train_2009,0,user09,block06
train_2010,1,user09,block06
train_2011,0,user09,block06
train_2012,1,user09,block06
train_2013,0,user09,block06
train_2014,1,user09,block06
train_2015,0,user09,block06
train_2016,1,user09,block06
train_2017,0,user09,block06
train_2018,1,user09,block06
train_2019,0,user09,block06
train_2020,1,user09,block06
train_2021,0,user09,block06
train_2022,1,user09,block06
train_2023,0,user09,block06
train_2024,1,user09,block06
train_2025,0,user09,block06
train_2026,1,user09,block06
train_2027,0,user09,block06
train_2028,1,user09,block06
train_2029,0,user09,block06
train_2030,1,user09,block06
train_2031,0,user10,block01
train_2032,1,user10,block01
train_2033,0,user10,block01
train_2034,1,user10,block01
train_2035,0,user10,block01
train_2036,1,user10,block01
train_2037,0,user10,block01
train_2038,1,user10,block01
train_2039,0,user10,block01
train_2040,1,user10,block01
train_2041,1,user10,block01
train_2042,0,user10,block01
train_2043,1,user10,block01
train_2044,0,user10,block01
train_2045,1,user10,block01
train_2046,0,user10,block01
train_2047,1,user10,block01
train_2048,0,user10,block01
train_2049,1,user10,block01
train_2050,0,user10,block01
train_2051,1,user10,block01
train_2052,0,user10,block01
train_2053,1,user10,block01
train_2054,0,user10,block01
train_2055,1,user10,block01
train_2056,0,user10,block01
train_2057,1,user10,block01
train_2058,0,user10,block01
train_2059,1,user10,block01
train_2060,0,user10,block01
train_2061,1,user10,block01
train_2062,0,user10,block01
train_2063,1,user10,block01
train_2064,0,user10,block01
train_2065,1,user10,block01
train_2066,0,user10,block01
train_2067,1,user10,block01
train_2068,0,user10,block01
train_2069,1,user10,block01
train_2070,0,user10,block02
train_2071,0,user10,block02
train_2072,1,user10,block02
train_2073,0,user10,block02
train_2074,1,user10,block02
train_2075,0,user10,block02
train_2076,1,user10,block02
train_2077,0,user10,block02
train_2078,1,user10,block02
train_2079,1,user10,block02
train_2080,1,user10,block02
train_2081,0,user10,block02
train_2082,1,user10,block02
train_2083,0,user10,block02
train_2084,1,user10,block02
train_2085,0,user10,block02
train_2086,0,user10,block02
train_2087,1,user10,block02
train_2088,0,user10,block02
train_2089,0,user10,block02
train_2090,1,user10,block02
train_2091,0,user10,block02
train_2092,1,user10,block02
train_2093,0,user10,block02
train_2094,1,user10,block02
train_2095,0,user10,block02
train_2096,1,user10,block02
train_2097,0,user10,block02
train_2098,1,user10,block02
train_2099,0,user10,block02
train_2100,1,user10,block02
train_2101,0,user10,block02
train_2102,1,user10,block02
train_2103,0,user10,block03
train_2104,1,user10,block03
train_2105,0,user10,block03
train_2106,1,user10,block03
train_2107,0,user10,block03
train_2108,1,user10,block03
train_2109,0,user10,block03
train_2110,1,user10,block03
train_2111,0,user10,block03
train_2112,1,user10,block03
train_2113,0,user10,block03
train_2114,1,user10,block03
train_2115,0,user10,block03
train_2116,1,user10,block03
train_2117,0,user10,block03
train_2118,1,user10,block03
train_2119,0,user10,block03
train_2120,1,user10,block03
train_2121,0,user10,block03
train_2122,1,user10,block03
train_2123,0,user10,block03
train_2124,1,user10,block03
train_2125,0,user10,block03
train_2126,1,user10,block03
train_2127,0,user10,block03
train_2128,1,user10,block03
train_2129,0,user10,block03
train_2130,1,user10,block03
train_2131,0,user10,block03
train_2132,1,user10,block03
train_2133,0,user10,block03
train_2134,1,user10,block03
train_2135,0,user10,block03
train_2136,1,user10,block03
train_2137,0,user10,block03
train_2138,1,user10,block03
train_2139,0,user10,block03
train_2140,1,user10,block03
train_2141,0,user10,block03
train_2142,1,user10,block03
train_2143,1,user10,block04
train_2144,0,user10,block04
train_2145,1,user10,block04
train_2146,0,user10,block04
train_2147,1,user10,block04
train_2148,1,user10,block04
train_2149,1,user10,block04
train_2150,0,user10,block04
train_2151,1,user10,block04
train_2152,0,user10,block04
train_2153,1,user10,block04
train_2154,0,user10,block04
train_2155,1,user10,block04
train_2156,0,user10,block04
train_2157,1,user10,block04
train_2158,0,user10,block04
train_2159,1,user10,block04
train_2160,0,user10,block04
train_2161,1,user10,block04
train_2162,0,user10,block04
train_2163,1,user10,block04
train_2164,0,user10,block04
train_2165,1,user10,block04
train_2166,0,user10,block04
train_2167,1,user10,block04
train_2168,0,user10,block04
train_2169,1,user10,block04
train_2170,0,user10,block04
train_2171,1,user10,block04
train_2172,0,user10,block04
train_2173,1,user10,block04
train_2174,0,user10,block04
train_2175,1,user10,block04
train_2176,1,user10,block04
train_2177,1,user10,block04
train_2178,0,user10,block05
train_2179,1,user10,block05
train_2180,1,user10,block05
train_2181,0,user10,block05
train_2182,1,user10,block05
train_2183,0,user10,block05
train_2184,0,user10,block05
train_2185,1,user10,block05
train_2186,1,user10,block05
train_2187,0,user10,block05
train_2188,1,user10,block05
train_2189,1,user10,block05
train_2190,0,user10,block05
train_2191,1,user10,block05
train_2192,0,user10,block05
train_2193,1,user10,block05
train_2194,0,user10,block05
train_2195,1,user10,block05
train_2196,0,user10,block05
train_2197,1,user10,block05
train_2198,0,user10,block05
train_2199,1,user10,block05
train_2200,0,user10,block05
train_2201,0,user10,block05
train_2202,1,user10,block05
train_2203,1,user10,block05
train_2204,0,user10,block05
train_2205,1,user10,block05
train_2206,0,user10,block05
train_2207,1,user10,block05
train_2208,0,user10,block05
train_2209,1,user10,block05
train_2210,1,user10,block05
train_2211,0,user10,block06
train_2212,1,user10,block06
train_2213,0,user10,block06
train_2214,1,user10,block06
train_2215,0,user10,block06
train_2216,1,user10,block06
train_2217,0,user10,block06
train_2218,0,user10,block06
train_2219,1,user10,block06
train_2220,0,user10,block06
train_2221,1,user10,block06
train_2222,0,user10,block06
train_2223,1,user10,block06
train_2224,0,user10,block06
train_2225,0,user10,block06
train_2226,1,user10,block06
train_2227,0,user10,block06
train_2228,1,user10,block06
train_2229,0,user10,block06
train_2230,0,user10,block06
train_2231,1,user10,block06
train_2232,0,user10,block06
train_2233,1,user10,block06
train_2234,0,user10,block06
train_2235,1,user10,block06
train_2236,0,user10,block06
train_2237,1,user10,block06
train_2238,0,user10,block06
train_2239,1,user10,block06
train_2240,0,user10,block06
train_2241,1,user10,block06
train_2242,0,user10,block06
train_2243,1,user10,block06
train_2244,0,user10,block06
train_2245,1,user10,block06
train_2246,0,user10,block06
train_2247,1,user10,block06
